name,n,delta,ddt_states,ddt_ratio,lin,lat_states,lat_ratio,lat_values,beta,bct_states,bct_ratio
PRINTcipher,3,2,7,9.14,2,12,5.33,4,2,13,4.92
Pyjamask_3,3,2,13,4.92,2,20,3.2,4,2,19,3.37
SEA,3,2,9,7.11,2,19,3.37,4,2,16,4.0
Anubis_S0,4,4,48,5.33,4,70,3.66,6,10,68,3.76
Anubis_S1,4,4,52,4.92,4,71,3.61,6,10,70,3.66
BLAKE_1,4,8,53,4.83,6,68,3.76,7,8,81,3.16
BLAKE_2,4,6,52,4.92,6,61,4.2,7,16,76,3.37
BLAKE_3,4,6,50,5.12,6,72,3.56,7,10,75,3.41
BLAKE_4,4,6,49,5.22,6,73,3.51,7,10,77,3.32
BLAKE_5,4,6,50,5.12,6,67,3.82,7,10,80,3.2
BLAKE_6,4,8,51,5.02,6,62,4.13,8,16,86,2.98
BLAKE_7,4,6,47,5.45,4,65,3.94,6,16,69,3.71
BLAKE_8,4,6,51,5.02,6,66,3.88,7,10,83,3.08
BLAKE_9,4,6,53,4.83,6,74,3.46,8,10,80,3.2
CLEFIA_SS0,4,4,48,5.33,4,73,3.51,6,10,77,3.32
CLEFIA_SS1,4,4,48,5.33,4,63,4.06,6,10,75,3.41
CLEFIA_SS2,4,4,48,5.33,4,63,4.06,6,10,72,3.56
CLEFIA_SS3,4,4,51,5.02,4,78,3.28,6,10,73,3.51
CRAFT,4,4,52,4.92,4,73,3.51,6,16,71,3.61
CS_cipher_F,4,4,36,7.11,4,45,5.69,6,,,
CS_cipher_G,4,4,37,6.92,4,60,4.27,6,16,67,3.82
CiliPadi,4,4,39,6.56,4,54,4.74,6,16,48,5.33
Clyde,4,4,49,5.22,4,53,4.83,6,16,65,3.94
Coral,4,4,51,5.02,4,77,3.32,6,10,77,3.32
DES_S1_1,4,8,49,5.22,6,66,3.88,8,10,79,3.24
DES_S1_2,4,8,52,4.92,6,63,4.06,8,10,77,3.32
DES_S1_3,4,8,55,4.65,6,71,3.61,8,10,75,3.41
DES_S1_4,4,8,49,5.22,6,63,4.06,7,16,79,3.24
DES_S2_1,4,6,49,5.22,6,53,4.83,8,16,74,3.46
DES_S2_2,4,8,53,4.83,6,56,4.57,7,16,72,3.56
DES_S2_3,4,8,47,5.45,6,72,3.56,7,16,67,3.82
DES_S2_4,4,6,56,4.57,6,73,3.51,8,10,83,3.08
DES_S3_1,4,8,53,4.83,6,70,3.66,8,10,76,3.37
DES_S3_2,4,8,54,4.74,6,64,4.0,7,10,81,3.16
DES_S3_3,4,8,50,5.12,6,60,4.27,7,16,75,3.41
DES_S3_4,4,8,43,5.95,6,62,4.13,7,16,52,4.92
DES_S4_1,4,6,52,4.92,6,69,3.71,8,10,82,3.12
DES_S4_2,4,6,50,5.12,6,76,3.37,8,10,79,3.24
DES_S4_3,4,6,52,4.92,6,65,3.94,8,10,84,3.05
DES_S4_4,4,6,52,4.92,6,79,3.24,8,10,82,3.12
DES_S5_1,4,8,54,4.74,6,72,3.56,8,10,78,3.28
DES_S5_2,4,6,51,5.02,6,75,3.41,8,10,79,3.24
DES_S5_3,4,6,52,4.92,6,75,3.41,8,10,78,3.28
DES_S5_4,4,6,55,4.65,6,72,3.56,7,16,87,2.94
DES_S6_1,4,4,41,6.24,6,67,3.82,7,16,62,4.13
DES_S6_2,4,8,53,4.83,6,75,3.41,8,16,82,3.12
DES_S6_3,4,6,55,4.65,6,58,4.41,8,10,79,3.24
DES_S6_4,4,6,50,5.12,6,66,3.88,8,16,72,3.56
DES_S7_1,4,8,55,4.65,6,76,3.37,8,10,81,3.16
DES_S7_2,4,8,53,4.83,6,78,3.28,8,16,72,3.56
DES_S7_3,4,6,52,4.92,6,75,3.41,8,10,82,3.12
DES_S7_4,4,8,49,5.22,6,73,3.51,8,16,67,3.82
DES_S8_1,4,6,51,5.02,6,64,4.0,7,10,72,3.56
DES_S8_2,4,10,51,5.02,6,77,3.32,8,16,74,3.46
DES_S8_3,4,6,51,5.02,6,74,3.46,8,16,72,3.56
DES_S8_4,4,8,55,4.65,6,75,3.41,8,10,84,3.05
Elephant,4,4,37,6.92,4,68,3.76,6,16,48,5.33
Enocoro_S4,4,4,50,5.12,4,74,3.46,6,10,75,3.41
ForkSkinny_4,4,4,35,7.31,4,69,3.71,6,16,44,5.82
Fountain_1,4,6,47,5.45,4,61,4.2,6,16,75,3.41
Fountain_2,4,6,48,5.33,4,73,3.51,6,16,71,3.61
Fountain_3,4,6,48,5.33,4,73,3.51,6,16,71,3.61
Fountain_4,4,6,47,5.45,4,52,4.92,6,16,70,3.66
Fox_S1,4,4,50,5.12,4,72,3.56,6,10,72,3.56
Fox_S2,4,4,34,7.53,4,69,3.71,6,16,45,5.69
Fox_S3,4,4,49,5.22,4,73,3.51,6,6,74,3.46
GIFT,4,6,47,5.45,4,61,4.2,6,16,75,3.41
GOST2_1,4,4,51,5.02,4,73,3.51,6,10,76,3.37
GOST2_2,4,4,51,5.02,4,74,3.46,6,10,76,3.37
GOST_1,4,6,52,4.92,4,76,3.37,6,16,81,3.16
GOST_2,4,6,49,5.22,6,73,3.51,8,8,78,3.28
GOST_3,4,6,50,5.12,6,78,3.28,8,10,85,3.01
GOST_4,4,6,47,5.45,6,71,3.61,8,16,70,3.66
GOST_5,4,4,50,5.12,6,80,3.2,7,10,78,3.28
GOST_6,4,6,50,5.12,6,75,3.41,7,16,76,3.37
GOST_7,4,8,49,5.22,6,72,3.56,8,10,74,3.46
GOST_8,4,8,54,4.74,6,73,3.51,8,16,76,3.37
GOST_IETF_1,4,6,49,5.22,6,64,4.0,7,10,75,3.41
GOST_IETF_2,4,8,50,5.12,6,63,4.06,7,16,78,3.28
GOST_IETF_3,4,6,51,5.02,6,76,3.37,7,10,84,3.05
GOST_IETF_4,4,4,51,5.02,4,74,3.46,6,16,70,3.66
GOST_IETF_5,4,8,52,4.92,6,76,3.37,7,10,78,3.28
GOST_IETF_6,4,6,51,5.02,4,73,3.51,6,16,75,3.41
GOST_IETF_7,4,8,53,4.83,6,77,3.32,7,8,80,3.2
GOST_IETF_8,4,6,48,5.33,6,78,3.28,7,8,82,3.12
Golden_S0,4,4,50,5.12,4,74,3.46,6,10,77,3.32
Golden_S1,4,4,51,5.02,4,77,3.32,6,10,77,3.32
Golden_S2,4,4,48,5.33,4,72,3.56,6,10,74,3.46
Golden_S3,4,4,51,5.02,4,73,3.51,6,10,78,3.28
HYENA,4,6,47,5.45,4,61,4.2,6,16,75,3.41
Hummingbird_2_S1,4,4,48,5.33,4,71,3.61,6,10,76,3.37
Hummingbird_2_S2,4,4,51,5.02,4,74,3.46,6,10,75,3.41
Hummingbird_2_S3,4,4,47,5.45,4,76,3.37,6,10,68,3.76
Hummingbird_2_S4,4,4,46,5.57,4,66,3.88,6,10,74,3.46
Iceberg_S0,4,4,48,5.33,4,70,3.66,6,10,68,3.76
Iceberg_S1,4,4,52,4.92,4,71,3.61,6,10,70,3.66
JH_S0,4,4,50,5.12,4,73,3.51,6,10,71,3.61
JH_S1,4,4,50,5.12,4,71,3.61,6,10,71,3.61
KLEIN,4,4,49,5.22,4,63,4.06,6,10,68,3.76
KNOT,4,4,35,7.31,4,65,3.94,6,16,51,5.02
Khazad_P,4,4,48,5.33,4,70,3.66,6,10,68,3.76
Khazad_Q,4,4,47,5.45,4,69,3.71,6,10,71,3.61
Kuznyechik_nu0,4,6,45,5.69,4,71,3.61,6,6,71,3.61
Kuznyechik_nu1,4,16,29,8.83,6,48,5.33,8,16,28,9.14
Kuznyechik_phi,4,8,52,4.92,6,83,3.08,13,,,
Kuznyechik_sigma,4,6,49,5.22,6,59,4.34,7,10,70,3.66
LBlock_0,4,4,37,6.92,4,62,4.13,6,16,46,5.57
LBlock_1,4,4,34,7.53,4,64,4.0,6,16,51,5.02
LBlock_2,4,4,33,7.76,4,63,4.06,6,16,44,5.82
LBlock_3,4,4,36,7.11,4,60,4.27,6,16,46,5.57
LBlock_4,4,4,36,7.11,4,62,4.13,6,16,45,5.69
LBlock_5,4,4,36,7.11,4,62,4.13,6,16,45,5.69
LBlock_6,4,4,34,7.53,4,62,4.13,6,16,51,5.02
LBlock_7,4,4,34,7.53,4,65,3.94,6,16,51,5.02
LBlock_8,4,4,34,7.53,4,64,4.0,6,16,51,5.02
LBlock_9,4,4,30,8.53,4,64,4.0,6,16,47,5.45
Lucifer_S0,4,6,50,5.12,6,77,3.32,8,10,79,3.24
Lucifer_S1,4,6,50,5.12,4,77,3.32,6,8,71,3.61
Luffa,4,4,49,5.22,4,60,4.27,6,16,58,4.41
Luffa_v1,4,4,48,5.33,4,65,3.94,6,16,68,3.76
MANTIS,4,4,52,4.92,4,73,3.51,6,16,71,3.61
MIBS,4,4,47,5.45,4,77,3.32,6,6,72,3.56
Magma_1,4,4,49,5.22,4,77,3.32,6,10,73,3.51
Magma_2,4,4,52,4.92,4,74,3.46,6,10,74,3.46
Magma_3,4,4,51,5.02,4,73,3.51,6,10,76,3.37
Magma_4,4,4,51,5.02,4,74,3.46,6,10,72,3.56
Magma_5,4,4,47,5.45,4,70,3.66,6,10,67,3.82
Magma_6,4,4,51,5.02,4,68,3.76,6,10,79,3.24
Magma_7,4,4,52,4.92,4,71,3.61,6,10,76,3.37
Magma_8,4,4,51,5.02,4,73,3.51,6,10,76,3.37
Midori_Sb0,4,4,52,4.92,4,73,3.51,6,16,71,3.61
Midori_Sb1,4,4,44,5.82,4,71,3.61,6,10,70,3.66
Noekeon,4,4,30,8.53,4,60,4.27,6,16,34,7.53
ORANGE,4,4,39,6.56,4,54,4.74,6,16,48,5.33
Optimal_S0,4,4,50,5.12,4,57,4.49,6,16,72,3.56
Optimal_S1,4,4,50,5.12,4,59,4.34,6,16,78,3.28
Optimal_S10,4,4,51,5.02,4,73,3.51,6,10,77,3.32
Optimal_S11,4,4,45,5.69,4,65,3.94,6,8,67,3.82
Optimal_S12,4,4,46,5.57,4,78,3.28,6,10,74,3.46
Optimal_S13,4,4,48,5.33,4,70,3.66,6,10,74,3.46
Optimal_S14,4,4,49,5.22,4,76,3.37,6,10,77,3.32
Optimal_S15,4,4,50,5.12,4,73,3.51,6,10,77,3.32
Optimal_S2,4,4,49,5.22,4,59,4.34,6,16,74,3.46
Optimal_S3,4,4,52,4.92,4,65,3.94,6,6,74,3.46
Optimal_S4,4,4,49,5.22,4,64,4.0,6,10,67,3.82
Optimal_S5,4,4,51,5.02,4,62,4.13,6,6,69,3.71
Optimal_S6,4,4,49,5.22,4,64,4.0,6,8,73,3.51
Optimal_S7,4,4,45,5.69,4,64,4.0,6,10,72,3.56
Optimal_S8,4,4,44,5.82,4,60,4.27,6,16,58,4.41
Optimal_S9,4,4,51,5.02,4,53,4.83,6,10,76,3.37
PHOTON,4,4,39,6.56,4,54,4.74,6,16,48,5.33
PRESENT,4,4,39,6.56,4,54,4.74,6,16,48,5.33
PRINCE,4,4,48,5.33,4,75,3.41,6,10,72,3.56
Panda,4,4,44,5.82,4,68,3.76,5,6,61,4.2
Piccolo,4,4,35,7.31,4,69,3.71,6,16,44,5.82
Pride,4,4,30,8.53,4,62,4.13,6,16,34,7.53
Prost,4,4,30,8.53,4,62,4.13,6,16,34,7.53
Pyjamask_4,4,4,35,7.31,4,69,3.71,6,16,50,5.12
Qameleon,4,4,50,5.12,4,74,3.46,6,10,67,3.82
Qarma_sigma0,4,4,49,5.22,4,73,3.51,6,10,69,3.71
Qarma_sigma1,4,4,50,5.12,4,74,3.46,6,10,67,3.82
Qarma_sigma2,4,4,51,5.02,4,68,3.76,6,10,71,3.61
REC_0,4,4,39,6.56,4,61,4.2,6,16,70,3.66
Rectangle,4,4,39,6.56,4,61,4.2,6,16,70,3.66
Remus_4,4,4,35,7.31,4,69,3.71,6,16,44,5.82
SATURNIN_0,4,4,47,5.45,4,63,4.06,6,10,69,3.71
SATURNIN_1,4,4,48,5.33,4,73,3.51,6,10,70,3.66
SC2000_4,4,4,51,5.02,4,75,3.41,6,10,78,3.28
SERPENT_S0,4,4,53,4.83,4,75,3.41,6,16,78,3.28
SERPENT_S1,4,4,47,5.45,4,69,3.71,6,16,71,3.61
SERPENT_S2,4,4,47,5.45,4,58,4.41,6,16,58,4.41
SERPENT_S3,4,4,51,5.02,4,64,4.0,6,10,80,3.2
SERPENT_S4,4,4,48,5.33,4,64,4.0,6,10,75,3.41
SERPENT_S5,4,4,49,5.22,4,67,3.82,6,10,77,3.32
SERPENT_S6,4,4,53,4.83,4,75,3.41,6,16,76,3.37
SERPENT_S7,4,4,50,5.12,4,75,3.41,6,10,73,3.51
SKINNY_4,4,4,35,7.31,4,69,3.71,6,16,44,5.82
SMASH_256_S1,4,4,47,5.45,4,75,3.41,6,16,62,4.13
SMASH_256_S2,4,4,48,5.33,4,64,4.0,6,16,81,3.16
SMASH_256_S3,4,4,47,5.45,4,68,3.76,6,10,72,3.56
Serpent_type_S0,4,4,39,6.56,4,50,5.12,6,16,48,5.33
Serpent_type_S1,4,4,50,5.12,4,64,4.0,6,16,73,3.51
Serpent_type_S10,4,4,50,5.12,4,72,3.56,6,16,77,3.32
Serpent_type_S11,4,4,38,6.74,4,62,4.13,6,16,48,5.33
Serpent_type_S12,4,4,49,5.22,4,67,3.82,6,16,63,4.06
Serpent_type_S13,4,4,50,5.12,4,71,3.61,6,10,79,3.24
Serpent_type_S14,4,4,39,6.56,4,53,4.83,6,16,47,5.45
Serpent_type_S15,4,4,51,5.02,4,73,3.51,6,10,77,3.32
Serpent_type_S16,4,4,31,8.26,4,55,4.65,6,16,48,5.33
Serpent_type_S17,4,4,37,6.92,4,50,5.12,6,16,41,6.24
Serpent_type_S18,4,4,46,5.57,4,70,3.66,6,16,81,3.16
Serpent_type_S19,4,4,39,6.56,4,50,5.12,6,16,47,5.45
Serpent_type_S2,4,4,41,6.24,4,62,4.13,6,16,49,5.22
Serpent_type_S3,4,4,48,5.33,4,72,3.56,6,10,74,3.46
Serpent_type_S4,4,4,51,5.02,4,77,3.32,6,10,77,3.32
Serpent_type_S5,4,4,51,5.02,4,73,3.51,6,10,78,3.28
Serpent_type_S6,4,4,50,5.12,4,63,4.06,6,16,73,3.51
Serpent_type_S7,4,4,48,5.33,4,70,3.66,6,16,69,3.71
Serpent_type_S8,4,4,46,5.57,4,59,4.34,6,10,74,3.46
Serpent_type_S9,4,4,50,5.12,4,61,4.2,6,16,72,3.56
Shadow,4,4,49,5.22,4,53,4.83,6,16,65,3.94
Spook,4,4,49,5.22,4,53,4.83,6,16,65,3.94
TGIF,4,6,47,5.45,4,61,4.2,6,16,75,3.41
TRIFLE,4,4,50,5.12,4,72,3.56,5,6,72,3.56
TWINE,4,4,51,5.02,4,58,4.41,6,6,75,3.41
Twofish_Q0_T0,4,6,49,5.22,6,74,3.46,7,10,79,3.24
Twofish_Q0_T1,4,6,47,5.45,6,73,3.51,7,16,75,3.41
Twofish_Q0_T2,4,4,52,4.92,4,69,3.71,6,10,80,3.2
Twofish_Q0_T3,4,6,53,4.83,6,68,3.76,7,10,81,3.16
Twofish_Q1_T0,4,6,51,5.02,6,76,3.37,7,10,79,3.24
Twofish_Q1_T1,4,6,50,5.12,6,63,4.06,7,10,74,3.46
Twofish_Q1_T2,4,6,53,4.83,6,68,3.76,7,16,77,3.32
Twofish_Q1_T3,4,8,53,4.83,6,76,3.37,8,10,76,3.37
UDCIKMP11,4,4,39,6.56,4,46,5.57,6,16,38,6.74
WARP,4,4,52,4.92,4,73,3.51,6,16,71,3.61
Whirlpool_E,4,4,51,5.02,4,73,3.51,6,6,76,3.37
Whirlpool_R,4,4,48,5.33,4,74,3.46,6,10,69,3.71
Yarara,4,4,51,5.02,4,77,3.32,6,10,77,3.32
Ascon,5,8,107,9.57,8,167,6.13,6,16,215,4.76
DryGASCON128,5,8,96,10.67,8,166,6.17,6,16,195,5.25
Fides_5,5,2,97,10.56,4,156,6.56,4,2,106,9.66
ISAP,5,8,107,9.57,8,167,6.13,6,16,215,4.76
SC2000_5,5,2,91,11.25,4,158,6.48,4,2,102,10.04
SYCON,5,8,96,10.67,8,156,6.56,6,16,193,5.31
Shamash,5,2,93,11.01,4,158,6.48,4,2,103,9.94
APN_6,6,2,356,11.51,8,432,9.48,6,2,365,11.22
Fides_6,6,2,356,11.51,8,502,8.16,6,2,365,11.22
SC2000_6,6,4,384,10.67,8,1050,3.9,10,4,411,9.97
WAGE,7,8,1516,10.81,20,3710,4.42,22,24,1993,8.22
AES,8,4,5393,12.15,16,17094,3.83,18,6,5481,11.96
ARIA_s2,8,4,5385,12.17,16,17096,3.83,18,6,5473,11.97
Anubis,8,8,5594,11.72,34,17016,3.85,32,18,6396,10.25
BelT,8,8,5593,11.72,26,17508,3.74,28,20,6137,10.68
CLEFIA_S0,8,10,5630,11.64,28,10651,6.15,16,32,6519,10.05
CLEFIA_S1,8,4,5401,12.13,16,16401,4.0,18,6,5483,11.95
CMEA,8,12,5658,11.58,32,17369,3.77,34,,,
CSA,8,12,5652,11.6,34,17411,3.76,36,18,6439,10.18
CSS,8,128,240,273.07,128,941,69.65,10,256,524,125.07
CS_cipher,8,16,4954,13.23,32,4034,16.25,10,256,6466,10.14
Camellia,8,4,5386,12.17,16,17108,3.83,18,6,5473,11.97
Chiasmus,8,4,5397,12.14,16,17110,3.83,18,6,5483,11.95
Crypton_0_5,8,16,5583,11.74,40,5971,10.98,20,256,6846,9.57
Crypton_1_0_S0,8,10,5633,11.63,32,10605,6.18,18,22,6407,10.23
Crypton_1_0_S1,8,10,5628,11.64,32,10592,6.19,18,22,6396,10.25
Crypton_1_0_S2,8,10,5633,11.63,32,10605,6.18,18,22,6407,10.23
Crypton_1_0_S3,8,10,5628,11.64,32,10592,6.19,18,22,6396,10.25
DBlock,8,4,5396,12.15,16,17008,3.85,18,6,5479,11.96
E2,8,10,5625,11.65,28,17484,3.75,30,18,6247,10.49
Enocoro,8,10,5647,11.61,32,10677,6.14,18,32,6493,10.09
FLY,8,16,4808,13.63,32,6223,10.53,10,256,6738,9.73
Fantomas,8,16,4556,14.38,32,7202,9.1,18,160,7672,8.54
FlexAEAD,8,4,5393,12.15,16,17094,3.83,18,6,5481,11.96
ForkSkinny_8,8,64,915,71.62,64,2844,23.04,29,256,2217,29.56
Fox,8,16,5713,11.47,32,10186,6.43,18,256,7474,8.77
Iceberg,8,8,5641,11.62,32,17044,3.85,34,24,6464,10.14
Iraqi,8,12,5671,11.56,34,19162,3.42,68,,,
Kalyna_pi0,8,8,5572,11.76,24,17623,3.72,26,16,6056,10.82
Kalyna_pi1,8,8,5570,11.77,24,17595,3.72,26,16,6002,10.92
Kalyna_pi2,8,8,5571,11.76,24,17622,3.72,26,18,6013,10.9
Kalyna_pi3,8,8,5574,11.76,24,17648,3.71,26,16,6020,10.89
Khazad,8,8,5614,11.67,32,16935,3.87,34,20,6449,10.16
Kuznechik,8,8,5590,11.72,28,17423,3.76,30,16,6211,10.55
Kuznyechik,8,8,5590,11.72,28,17423,3.76,30,16,6211,10.55
Lilliput_AE,8,8,5388,12.16,32,5701,11.5,17,256,6375,10.28
MD2,8,10,5650,11.6,38,17351,3.78,37,20,6455,10.15
Picaro,8,4,1819,36.03,34,3872,16.93,29,,,
Remus_8,8,64,915,71.62,64,2844,23.04,29,256,2217,29.56
Romulus,8,64,915,71.62,64,2844,23.04,29,256,2217,29.56
SEED_S0,8,4,5411,12.11,16,17020,3.85,18,6,5498,11.92
SEED_S1,8,4,5397,12.14,16,17073,3.84,18,6,5493,11.93
SKINNY_8,8,64,915,71.62,64,2844,23.04,29,256,2217,29.56
SMS4,8,4,5391,12.16,16,17088,3.84,18,6,5489,11.94
SNOW_3G_sq,8,8,5612,11.68,32,6339,10.34,10,24,6204,10.56
Safer,8,128,5654,11.59,46,12251,5.35,46,256,7089,9.24
Scream,8,8,5358,12.23,32,5625,11.65,16,256,6199,10.57
Skipjack,8,12,5652,11.6,28,17362,3.77,30,20,6385,10.26
Streebog,8,8,5590,11.72,28,17423,3.76,30,16,6211,10.55
Stribog,8,8,5590,11.72,28,17423,3.76,30,16,6211,10.55
Turing,8,12,5649,11.6,34,17420,3.76,35,20,6401,10.24
Twofish_p0,8,10,5667,11.56,32,10623,6.17,18,48,6597,9.93
Twofish_p1,8,10,5666,11.57,32,10650,6.15,18,40,6609,9.92
Whirlpool,8,8,5610,11.68,28,17338,3.78,30,18,6422,10.2
ZUC_S0,8,8,5541,11.83,32,5776,11.35,10,256,6673,9.82
ZUC_S1,8,4,5394,12.15,16,17110,3.83,18,6,5478,11.96
Zorro,8,10,5666,11.57,32,12327,5.32,34,42,6486,10.1
iScream,8,16,4128,15.88,32,6233,10.51,18,256,6487,10.1
newDES,8,12,5666,11.57,36,17330,3.78,36,22,6459,10.15
DryGASCON256,9,128,1205,217.55,128,3467,75.61,10,448,9603,27.3
